{
  "alpha": 0.8300000000000003,
  "threshold": 0.11800000000000006
}