{
  "epochs": [
    1,
    2,
    3,
    4,
    5,
    6,
    7,
    8,
    9,
    10,
    11,
    12,
    13,
    14,
    15
  ],
  "train_loss": [
    0.11641496908922169,
    0.03737716523101639,
    0.01575758838798692,
    0.002807241279214776,
    0.001705172974472578,
    0.002093846940923811,
    0.0021047348656764967,
    0.0012060249109640592,
    0.0004365420304797847,
    0.00011648220578958312,
    2.6491325943599884e-05,
    1.0445845031805088e-05,
    1.0056874125787092e-05,
    7.312482243435865e-06,
    6.020632787137052e-06
  ],
  "val_loss": [
    0.05414685659769287,
    0.05025687591717919,
    0.05052670664381145,
    0.08267085495403657,
    0.09319293754184378,
    0.0901098852525537,
    0.07727279293095951,
    0.14167194690701473,
    0.09527070975573446,
    0.09867052369185728,
    0.09565085094029323,
    0.09594412260225603,
    0.09641855526401548,
    0.09713310453497986,
    0.09747209742172983
  ],
  "train_acc": [
    95.65,
    98.67,
    99.46,
    99.89,
    99.95,
    99.92,
    99.92,
    99.97,
    99.98,
    100.0,
    100.0,
    100.0,
    100.0,
    100.0,
    100.0
  ],
  "val_acc": [
    98.93,
    99.01,
    98.93,
    98.93,
    99.08,
    98.78,
    98.85,
    98.7,
    98.85,
    98.93,
    98.93,
    98.93,
    98.93,
    98.93,
    98.93
  ],
  "train_f1": [
    95.65,
    98.67,
    99.46,
    99.89,
    99.95,
    99.92,
    99.92,
    99.97,
    99.98,
    100.0,
    100.0,
    100.0,
    100.0,
    100.0,
    100.0
  ],
  "val_f1": [
    98.93,
    99.01,
    98.93,
    98.93,
    99.08,
    98.78,
    98.85,
    98.7,
    98.85,
    98.93,
    98.93,
    98.93,
    98.93,
    98.93,
    98.93
  ],
  "val_fp": [
    3,
    3,
    10,
    8,
    8,
    12,
    4,
    9,
    7,
    8,
    5,
    5,
    5,
    5,
    5
  ],
  "val_fn": [
    11,
    10,
    4,
    6,
    4,
    4,
    11,
    8,
    8,
    6,
    9,
    9,
    9,
    9,
    9
  ],
  "val_threshold": [
    0.5480000000000005,
    0.4900000000000004,
    0.2750000000000002,
    0.06300000000000001,
    0.11800000000000006,
    0.3110000000000002,
    0.6320000000000006,
    0.7570000000000007,
    0.6260000000000006,
    0.3720000000000003,
    0.6230000000000006,
    0.6240000000000006,
    0.6250000000000006,
    0.6280000000000006,
    0.6290000000000006
  ],
  "val_alpha": [
    0.5,
    0.5,
    0.6100000000000001,
    0.9100000000000004,
    0.8300000000000003,
    0.55,
    0.5,
    0.6700000000000002,
    0.5,
    0.5,
    0.5,
    0.5,
    0.5,
    0.5,
    0.5
  ]
}